V1,V2,V3,V4,V5,V6,V7,V8,V9,V10
0.216531884,-0.010290373,0.795633258,-0.281639498,0.670847174,0.195730936,-0.06540537,-0.729906654,-0.101656439,0.883831884
1.570006839,1.092211986,-0.742452692,0.437026047,2.464960792,0.403314036,0.917249343,-0.989371976,0.344644507,0.413486039
1.571360786,0.072530801,-0.029444227,1.130197514,-0.198362154,-1.455932939,-0.882837591,0.336232946,-0.235370841,1.215952149
-0.054498388,-0.649880417,-1.537268565,-1.105556177,-2.281970212,-0.84401429,1.597975864,0.246830486,-0.093352119,-0.840329894
0.921297751,0.699263941,-2.053778938,-0.130927812,0.637643992,0.391822258,2.447777517,-0.471384274,0.010951315,0.550256754
1.390222983,1.503384417,-1.139759564,0.472854444,-0.461752912,0.430846769,-0.309550726,-0.720148263,-0.354792313,1.217092676
-1.461280794,0.269614683,-0.081539155,0.43100194,-0.397389477,0.608222475,-2.083718937,1.996737612,0.403345371,-0.677842581
-0.075812299,0.552162141,0.122681358,0.345295623,-0.219040102,0.113700254,0.040921843,-1.110400854,0.600338846,1.08622908
0.925702306,0.529150484,-0.993326146,-0.581081644,-1.040024186,-0.298805733,2.598969786,1.407373522,-0.418023832,0.411626437
1.466376609,0.495540542,-1.201885114,-1.716692466,-0.342283381,-0.393220333,-0.616935047,1.824549739,-1.125239709,1.363023605
-2.472057907,-0.519873094,-1.648990821,-0.541693033,-0.118231663,-0.454332589,0.57814849,2.280612206,-1.089722061,0.412579085
0.227812032,-1.313930223,0.860769676,0.146672636,1.835121813,0.31464975,0.068589091,1.306147558,-1.158684515,0.261147248
-1.293232527,-1.245738322,1.408171461,0.438584526,1.273382729,-2.031239681,1.328283019,-0.686394132,-0.343858992,0.162590875
0.922990525,-0.031742323,-0.360630527,0.804343088,-0.988466143,0.475547065,0.664659618,-0.084589654,-0.496064069,0.947978788
1.369172132,-0.565248781,-0.903985874,1.540247255,-0.092739956,1.132706791,0.126103403,-0.60052681,-2.423402132,-2.472843846
-0.972030337,-1.971098766,-0.858119423,-0.222587866,-1.048469041,0.200462649,-1.398138105,0.056603558,-1.66175435,-0.995418834
-0.427722915,1.486186223,-0.022727148,-0.12852421,0.231680312,-1.112644397,-0.086768439,-0.124740305,-0.44772196,-0.110354858
-0.213034894,1.184014197,0.430646608,1.755568238,-2.100301687,-0.108905656,-0.174179394,0.880267434,-0.780016321,-0.969989162
0.532331142,1.029859368,-0.25864827,2.936790523,-0.6539367,0.760053185,-0.356930394,-1.474976591,0.590836166,0.542440475
2.083373088,-1.684069018,-1.363128093,-0.220752376,1.594162348,-0.438729309,0.48008466,-1.027910295,-0.644310549,-0.279442326
1.079778808,1.680999916,-0.372543709,-1.92518092,0.953562705,0.350492415,0.309595154,-1.419639437,-1.42202995,0.632068654
-0.069551569,0.457207043,-1.301628287,1.114235886,0.072874779,-1.029693022,1.088564781,0.326628103,2.295577699,0.55460266
-2.750620144,-0.858375275,-0.251801995,-0.31607448,-0.360353738,-0.00575607,0.354923771,-1.685421757,1.807647445,-1.148269215
0.137282331,1.433241771,0.675625139,-0.970898589,0.70936175,1.587665611,0.783905626,-0.161815489,0.872523684,-1.24137395
-0.05109749,2.08192549,-0.891705038,1.583229469,0.923976347,-0.605812354,0.295521666,-0.006326457,0.174018809,1.508503972
-0.480223848,0.346509203,-0.755187368,-0.468673831,-0.368369486,-0.115077156,1.061208795,-0.051925862,0.044755172,-1.830239042
0.800125206,0.564169537,0.334137622,0.722572196,-0.414822761,-0.358820059,-1.915361585,0.634692554,-0.486984492,0.276650555
-2.050438249,0.305865325,-0.714652536,1.430430996,0.992103362,0.202321111,0.130508627,1.300652478,-2.330348084,1.107366587
0.376951939,-0.974567487,-1.639980738,-0.005989019,-0.329262775,0.115384195,2.347529373,0.409874844,2.081829189,-0.929013626
2.587547491,-2.248567238,-1.798445734,0.745220272,-1.378795279,0.012135979,-2.082262632,1.535554189,0.282783984,-0.251261318
1.932949274,0.337335277,-1.008216276,0.063560896,0.759639145,-1.022146938,0.971768169,-1.245719972,0.277354511,-0.62491815
1.03165337,0.95838139,0.687021407,0.584939369,-0.284127485,0.236958875,0.780642668,0.798524655,-0.544493851,-0.959493286
-0.214882924,0.522831546,0.301053426,-1.355431811,1.381027159,-0.085775025,-0.547724943,0.506818357,-0.377695928,0.339167957
1.049527323,-0.416235961,-0.837262946,-1.345588121,1.431262144,0.089505067,-0.914476872,0.530183539,-0.398186875,0.356179712
-0.210458207,-1.492942595,0.754484844,-0.276674657,0.228053053,-1.204612826,0.560995495,-1.600773062,0.846914095,1.090711519
0.992206518,2.202486622,-1.484770657,-0.8103435,-0.131692716,0.492547787,1.692876914,0.270987153,0.061642313,-0.964914162
0.067936421,1.152068708,0.175013116,0.815242553,-1.041059307,0.127311354,2.012197114,-0.231318405,0.918673262,-0.813479227
0.71818679,0.1850381,-0.206482673,0.536695381,-0.020034837,0.220280493,1.643995837,-2.201699207,1.254056633,0.977511215
-0.072323519,0.682468005,-0.026664288,1.483984252,2.908527702,0.040281565,-0.798699377,0.030293955,0.119813363,0.265528872
-1.192588528,-0.267586441,0.768166086,0.700009265,0.133744063,-1.425636991,-0.634958498,0.171206272,-0.645115204,-1.009057283
-1.540208457,0.198712,-0.010214932,-1.400036351,0.120740432,0.022931725,-0.009917439,-1.751655245,-1.883279197,1.306559787
0.306480093,-0.603556538,-0.831103827,-1.643909513,-0.777989619,-0.363550309,-0.253777882,-1.428933944,0.780816467,1.808194661
1.257996093,1.345101273,-0.141873879,-0.953163855,-0.045662475,-0.25114189,0.124141372,-0.281178318,-0.233599684,-0.448004222
0.62063151,1.563079079,-0.198977457,1.524938479,0.212583493,-2.461236965,0.364979619,1.339851941,1.023164087,-0.134937159
-0.707569504,-1.89907924,1.197040411,-0.928855706,-0.487025524,-0.921328553,-1.133664573,0.995999186,-1.426131397,-0.681059163
0.58387912,0.19429689,1.42600435,-1.17439623,1.704510116,-1.9893093,-0.866256378,-0.464937905,-0.63144251,-0.538862884
0.12194141,-1.052345402,-1.898405342,-0.151224619,0.232517067,0.579343775,-0.533469564,-0.201838006,0.443176738,-0.314274432
0.808025572,0.077304937,1.179683479,0.224728422,1.38529007,0.671390909,-0.676930135,1.088370606,-1.236308868,1.91442022
-0.209239618,0.483112949,0.474093621,1.400923584,-0.484363446,-0.278541494,-0.907228789,-0.47831867,-0.931534901,-1.851676677
0.867131175,-1.49334448,0.42915331,-0.09838902,0.966540148,1.763225878,0.094901542,-0.471894924,1.074981148,1.543628202
-0.247822653,-0.757924024,1.065683556,0.165460379,-1.374702566,0.731440032,-0.615761092,1.420449796,1.355109286,-1.189742133
0.861776576,0.443710088,-0.085914253,1.079309884,-1.152762451,0.352279183,-1.278277841,-0.023826021,-0.505332944,0.344494149
0.462042101,1.285447591,0.713039185,-1.32947106,-0.412740929,-0.063236721,0.903651413,-0.113819889,0.039978928,0.128163813
-1.980886034,0.692879681,1.25606253,-0.0309503,0.404963407,1.360418665,0.059649742,-1.805042368,-1.927782472,0.177778447
0.002043128,-0.001433029,-0.247579802,-0.421401296,-0.533705239,1.564606536,-0.18641891,1.876487862,-1.757600695,0.04742917
-2.110923525,-0.734342122,-0.45155395,-0.39764536,0.315036349,-1.829517997,-0.18774104,0.475283377,0.516753978,-1.758875598
0.462433854,-0.26337641,0.560117805,-0.081235753,-2.151180433,3.082842613,1.356460422,-0.521031722,0.276726413,-0.196964828
-0.225063563,-0.328607262,-0.570598025,0.363580885,0.500973772,-0.381435117,-0.283719243,2.414177847,0.3828371,0.616744391
-2.573347982,0.213012507,1.302233109,-2.014879772,-0.551035268,1.084976403,-0.592932641,0.808041537,0.832040537,-0.316313796
-0.051806614,0.105579265,-1.215525325,0.53592532,-0.975690381,1.381647913,0.789483223,-1.69060369,-0.487892297,0.470410678
-0.457759773,-0.076377329,0.545644935,1.648606789,-0.099163679,1.119984381,-1.486643785,-1.051405303,-0.319200722,0.069539769
0.471946275,0.954106127,0.730038487,0.220730978,1.010088534,0.816100718,2.009142043,1.033402676,-1.463827994,0.157558628
-0.959352841,0.585748663,0.671704599,-0.988678839,0.268123896,-0.678088598,-1.506613603,0.555848426,-0.805620294,2.237828225
-0.328751728,0.155356469,-1.669367381,-0.547669032,-0.494576405,-0.118440113,-1.628981274,-1.444473093,-0.15574644,1.152251323
1.368957721,-0.668073088,0.881059962,-0.694460756,-0.904643204,1.782963952,-0.488017049,0.476435531,-0.802745324,0.972588035
-0.165640132,0.440998955,0.268965565,0.173142528,-0.758236162,1.171893862,-1.851762426,1.331626664,-1.228096291,0.074148579
1.302929247,1.570852123,0.334146249,2.251039735,1.097228165,0.442939981,-1.097296858,-2.212075314,1.166221477,0.902704839
-2.196503685,0.575425953,1.03574678,0.626385709,2.106742242,0.444134347,-1.422816337,1.746993021,-0.335895059,-1.073354575
0.827550579,0.153818262,-0.118617713,0.13266881,1.052353986,1.823611945,-1.900620429,-0.83963244,0.038515961,0.451663134
1.561178812,0.302597921,1.346682926,1.273911864,0.130781903,1.157648848,-0.032251125,1.065128389,-1.023066382,-0.997046419
-1.770217987,-0.393708094,0.254098162,-0.332223967,2.102882427,0.644349602,0.876529857,-1.482647288,2.133988441,-0.638862209
1.684223551,0.255428637,-1.475872582,1.677876265,-0.206221167,-0.785153691,0.235443073,-0.540525972,0.658635393,-1.157391453
1.323879475,-1.415223246,1.236664222,0.38178548,-1.204150432,0.840122875,-1.509735144,0.819895506,-2.878318478,-1.467709789
-0.847614104,-0.168686929,0.128152189,-0.904772706,1.174136489,-0.62849679,0.924534928,1.417822076,0.657436483,-1.570636528
0.520120503,0.325958047,-0.265906276,0.268575235,-0.41903839,1.323280656,2.557049448,0.971571976,0.483535682,0.040954863
-0.264920507,-0.215283635,-1.284758593,0.999650087,0.314109489,0.905371866,1.111993185,0.477527281,-2.725949073,0.54326467
1.126286364,0.546885166,0.195183697,-0.601861152,0.716288897,0.943295663,-0.100169431,0.39696529,-0.142060004,0.422928434
-0.703851255,-2.256831983,0.534533417,-2.208174387,1.550271486,1.375104585,-0.286642516,0.392064489,-0.974218376,1.053453151
-1.875824934,0.695447109,1.276243083,-0.430431477,-0.00675937,-1.597934993,0.226987242,1.376527522,-0.658517327,0.449783893
0.342021869,0.122987792,-1.488191986,-0.134392932,0.696868344,-2.352615608,-1.406915207,-2.741373112,0.874358804,0.984304002
1.069668914,0.833835266,0.696432439,-0.991248557,-0.190869579,1.934380259,1.433093562,-1.903144184,-1.040607971,-1.244588016
1.061885169,-0.130483601,-0.182480152,-0.340922176,-0.554285159,-0.33342432,-0.300022705,0.575979151,0.124441897,0.960567212
0.629248765,0.078278567,0.611870149,-1.424346974,-0.109482391,-1.043161449,-0.95365704,-0.404770379,-0.403161674,-0.117999483
-0.646059401,0.126592091,-1.127199353,-0.170727923,0.746553067,-1.06170369,-0.97327722,0.048041489,-0.901512714,-0.501675596
1.09355783,2.56003021,0.548091403,-1.517244165,-0.368967157,1.081692194,-1.005943126,0.131065754,1.249709189,-0.516383763
1.042176065,1.185179024,2.022581155,0.132836885,-1.046211794,-0.268339421,-0.298268138,-1.717414246,0.1312455,0.708457964
0.042946233,1.765156977,-0.587496585,-1.557121937,1.457003104,-0.339183969,0.828012675,0.511348838,-0.761975939,0.168954446
-0.328506138,-2.48896359,-3.00262924,-0.315506823,-0.899014834,-1.169111094,-0.551427101,0.901085985,-0.363741552,0.686530616
-0.077841329,-0.787775004,-1.133774292,-0.701205111,0.909703586,-0.527253258,-1.42659853,0.49348105,-0.635902947,-0.968969992
0.66743201,2.122609411,0.249225783,-0.705451605,-0.607573828,-1.994158432,0.940768707,0.6086867,1.293538123,-0.427615894
-0.776629701,-1.222795145,-0.119003675,-0.901141477,-0.597611708,0.613861382,2.353040581,-1.207965242,1.110641374,-0.57223502
1.273845526,-0.57789957,-0.244696445,1.425664221,-0.903686017,0.264002678,-2.01764764,0.76205657,1.334148793,-0.933789196
1.130604449,0.33560957,-0.881810148,-0.678027547,1.76387525,-0.203720052,-1.712540984,-1.504360784,-0.11907215,1.757372097
-1.233516901,-0.28215623,0.928868366,0.623389404,1.004573676,2.531636843,-1.296929351,2.129207382,-0.035592367,-1.175119063
-1.001185011,1.243369548,0.636813814,0.329110361,-0.663081373,0.671179602,1.613974628,0.910292457,-0.565023688,-0.90693382
-0.08846046,-0.398021771,-0.577915587,0.586398458,0.971627637,-1.334789678,1.899062521,-1.354415619,-0.185868843,-1.845220449
-1.267766077,-0.592090208,-1.359024453,-1.436240077,0.292384297,-0.330575124,1.113113257,-0.728698352,-0.675193971,-0.324604461
-1.021012016,-0.496828996,-0.593659196,-0.198885163,0.453521893,-1.006931846,0.682392554,-0.443491247,-0.486530144,-0.293738954
1.20642826,-0.053731295,-0.872374707,-1.123026849,-1.069161902,0.672084599,-1.547529468,-0.421156748,-0.494862882,0.764285748
-0.16854367,-2.083741256,1.51497589,1.143603525,1.310601432,0.262458382,0.211229855,-0.292294274,-0.147734974,0.57177603
0.125694393,0.127453287,-0.29205171,0.474096932,0.36485854,0.118240064,1.461262003,-0.785325178,-0.102098049,1.127438499
-1.067825812,0.62149124,-1.397952382,0.130256867,-0.524509257,0.214526787,-1.469034187,-0.585033403,-1.609212164,0.241844444
-0.944275895,-1.809606119,-0.837119724,-0.375556503,1.134964156,-1.441824432,1.12607997,-1.102537562,0.217760944,1.302222346
-0.280753053,0.628004901,0.571248842,1.023764846,-0.180338128,1.198185206,0.565478797,0.197479945,1.592655705,1.002577518
0.272684361,0.261091408,0.495274177,-1.108221796,-0.419810582,0.115552434,-1.37395802,1.269931492,0.749492705,1.065928896
0.35066732,0.142426236,0.346976061,-0.965562472,1.602662683,-2.55603688,1.028430841,0.165991075,1.020533412,0.384845069
0.365829848,-0.744935357,0.722571051,-1.017966463,0.138312152,0.209645215,0.737287876,0.658209133,0.171539762,1.159771375
1.39954104,1.987182151,0.774560774,-0.975203375,-0.014253132,0.334418781,0.815534983,-1.487393098,-1.691540319,-1.01914684
0.10126528,-0.626221709,0.444559872,-2.061821283,0.784696956,-2.143000206,-0.098260861,0.174670159,0.26839554,-0.139680802
-0.303664557,-2.747390019,-1.034748644,-0.917809354,-1.663398987,-1.990493402,0.451296696,0.102474714,0.321527985,-1.370113281
-0.625118599,-0.357887354,0.007256369,0.850341934,0.19628716,1.030095972,-0.451737983,0.155746354,-0.144659266,-1.492379485
-1.482445463,0.065234173,-0.899309952,1.739850894,0.926690768,-0.549725378,1.270750263,0.349707208,0.701550895,-0.749170211
-1.962332543,-0.086897503,0.812442902,0.857994294,-0.93801284,-1.439461736,-1.008646566,-0.018364561,0.612911479,-0.061933185
-0.550193792,-0.073669693,1.621645219,-3.651403476,1.384727322,-0.35758031,0.042755249,0.992104606,-2.158480011,0.262524535
-0.262818687,1.441238281,-0.215469679,-0.800781608,2.011602873,-0.579833029,0.724322835,-0.794729086,1.406904074,-0.282795322
-0.091994166,0.245741562,0.470818113,-0.109425427,1.096526388,0.4285449,1.909231641,-0.148582853,1.265639482,-1.871343159
0.871562241,0.901910605,1.492049234,0.700279225,-0.852610993,0.671417698,0.323936276,-1.424732352,-1.140041731,0.739165656
0.991854946,-0.834280357,1.460399184,-2.024721558,1.312705134,0.405784691,-0.098892263,0.148731315,-1.251120242,-0.876881074
-2.48473532,0.191864364,0.48518545,0.517928731,-0.840322799,-0.8781045,1.586355224,-0.821802061,0.694735616,0.080322232
-0.923806646,1.395304415,-1.04927689,-0.342243341,1.771213003,0.769375949,-1.489333307,-0.14947699,0.42992079,1.127036275
-0.373222834,-0.108461686,1.149626348,-1.171885727,-1.536907312,-0.792030724,-0.851437983,-1.396983608,0.01925743,1.122631963
0.210981438,0.442234314,1.339419499,-0.273212322,-0.806238927,0.226989211,-1.360185657,-0.697008582,1.0281489,-1.600348264
1.967475225,3.061056895,0.355065549,0.670671983,-0.459672445,0.004141014,-1.020512696,0.271035137,-0.352465237,-0.29931264
0.372605308,0.187380865,-1.428144915,0.511927652,0.067266076,1.079339947,-1.582902975,0.764533103,0.392073635,0.175393609
0.506693306,0.371179054,-1.348401406,-0.250426622,-0.238948387,1.669355605,-0.154690597,0.685376452,-1.299826742,-1.149987018
1.709714317,0.874141702,1.072809563,-0.918481313,1.648184376,1.214817167,1.052892378,-1.958354868,-0.645289784,-0.440689431
-0.705332499,-0.538376048,-1.130179317,-0.326579155,-2.462673176,0.798509105,-0.934045728,0.470797375,-0.760145618,-1.037241126
0.195844327,0.574047453,-0.220642992,-0.995448504,0.070560929,-1.527004951,-0.657710015,0.082146837,0.144411027,-1.512436089
-1.148727255,0.342763271,-0.808808134,-2.138582464,-0.442812518,0.273345757,1.781497363,1.018465802,0.428959285,-1.078778801
1.346918028,-0.711855708,-0.626227955,-1.009108872,0.998627379,-0.987713562,1.578207362,0.472707017,1.518836636,-0.997962228
0.73286665,-0.654341082,0.4038172,1.241898933,-0.372174277,0.388832594,-0.98687252,-0.695908761,1.842980975,0.141228439
0.873943794,-0.811895092,-1.073123301,0.892802206,-0.600729633,-0.080092747,0.088654703,-1.29551016,-0.733659716,0.557549986
-2.290320466,-0.701443163,0.270518744,0.180556452,-0.060414694,-1.570882605,-0.879316418,0.638452457,-0.517662658,-1.089878659
-0.691895798,0.353156507,0.366910056,1.515350343,0.159611743,-1.807450134,-0.682465646,-0.783311023,-1.456902998,0.697979175
0.690299608,0.908246865,-0.767282176,0.65918595,0.983958539,1.475751451,-2.366760559,-0.151443467,-2.603709298,-1.307715494
-0.922040847,-0.673866691,-0.902960429,0.450652529,-0.522174357,-0.769065382,-0.120594352,0.771649892,-0.596738067,-1.286098368
0.309316333,-0.794458445,-0.640355111,2.295101953,0.984723351,0.189282963,-0.27676849,2.234879644,1.969253798,-1.600777029
-0.382800845,-1.096630272,-1.336597941,3.406893195,-0.908815103,0.528718031,-0.723609678,2.036390884,-1.145900451,-0.419982809
1.940149383,-0.126517909,0.635088289,-2.329681506,1.931178015,-2.369803232,0.873867076,0.568070186,0.204766778,0.851356575
-0.562867925,0.113680189,1.014887493,0.336945194,1.102085112,-1.137637215,-0.618014671,-1.235989357,-0.175733407,-0.108485502
-0.155200748,-0.599786357,0.557998827,0.307367233,-0.082262615,0.589016626,0.119097791,-1.536680145,-1.072262683,-1.55826382
-1.360769024,0.717907308,0.47266507,-0.137782024,0.205901845,0.207390219,-0.5886774,0.082080228,-0.815073348,0.349516633
-0.012540696,-0.241895754,1.05554921,0.084089688,-0.312341276,-0.939900036,-1.105756692,0.600177469,-0.339671778,-1.66574747
-0.358715012,0.236516187,0.432368604,0.606099134,-0.523365644,-0.209506041,0.253047103,0.427815347,0.415267214,-0.628216731
-1.879607077,-0.764400056,0.456398629,-1.7184384,0.360315489,0.25556281,-0.755778262,-0.750394892,-0.306761151,0.106614629
-3.330617034,-0.231093248,-0.237583197,-1.08899964,1.337050252,0.112240119,0.738413989,-0.348941757,0.074165307,0.312005606
2.086355213,0.58614671,-0.879300627,-1.626211574,-0.932478484,0.710341252,0.956096087,-0.058649239,1.216917493,1.312138559
-0.684409084,0.079903171,0.131932929,0.692393713,0.388577902,-1.737621496,-0.049631088,-1.169326419,-0.354140566,-0.066266228
0.29599759,-0.187017977,-0.596646212,1.636977196,-0.373174997,0.615723017,-0.777184741,0.714183492,-0.542127487,0.218456243
-0.793657303,-0.66363667,-0.652938058,1.069580038,-1.09628115,0.314754494,0.130915724,-0.77168168,0.299592081,0.525486097
-1.37620833,-0.545427544,0.035845353,-0.251285871,0.928897934,-1.471374178,1.155263765,-0.065277354,0.897134045,1.558254148
-0.364459127,0.566325238,0.48357193,0.453779777,0.170881884,-0.75656129,0.19403461,-0.240542789,1.028527589,-0.15395549
0.57624596,1.076280144,-2.376261846,-0.793773779,-0.619926276,0.291242328,1.267588924,1.472740294,-0.865167572,-0.215442282
-1.294566353,-0.734702209,-0.589802248,0.392462459,-0.932770883,-0.281249805,1.711361872,0.928127022,-0.519438717,0.181802576
-1.355794477,0.446238132,1.182558952,0.11947559,-1.255960804,-0.585796609,1.511429276,1.257300768,1.712490413,-0.238942835
-0.0657413,-0.451566315,0.660402258,-0.289666771,-0.612361464,-0.522404825,0.53793888,0.566791314,1.215959145,1.647808935
-0.662991769,-0.319778273,-0.436384648,-0.350146537,-1.391345171,-0.551232469,-1.215734504,1.531939739,-0.150626163,-0.610933963
1.20781328,-0.854395596,0.214264798,-0.406610333,-0.233262655,-0.579289735,0.567062898,1.119205941,-1.18658065,1.370614232
0.253740873,1.536586826,0.311971671,-1.182599025,-1.40080378,-0.05947735,2.478608762,-0.70678078,0.245731866,-0.2949315
0.846714091,0.097668836,0.754980097,-0.028573343,0.960890645,-0.508136625,-0.542903637,1.222844416,-0.330893654,-0.177469505
0.632658746,-0.580093626,0.235223201,0.075297554,1.533062326,0.680383357,-0.268759073,-1.589543602,1.388833908,0.606005728
1.044555611,-0.462966635,-0.524515449,0.522860437,-0.900220598,0.375588544,-0.033519958,0.367385129,0.614574389,0.554902873
0.045001681,0.656243878,0.580643496,0.132570436,0.337892202,0.677018588,0.851312958,0.463356575,-0.123958704,-0.503583428
1.643228248,0.345298905,0.43693145,0.248052343,-1.12326131,-0.361991544,-0.162731878,-0.643293339,-1.357886619,-0.441661598
1.15907698,0.400709447,0.720157715,0.354898941,-1.244280044,-1.549635075,-0.014253358,0.938771435,-0.706694179,-0.055968889
-0.456825218,1.486199816,-0.230953578,0.711452354,-0.424891516,0.088872463,-0.410653587,-0.428906432,-0.003092558,-1.689859887
-0.544617794,-1.207569219,-0.734372014,-0.357385069,0.744464652,-2.615953979,0.844682873,1.269988514,1.831371489,-0.768308411
-0.635987247,-0.059669947,-0.471388182,0.306787075,0.852221118,-1.085791636,-1.301858775,0.573318246,0.23355978,0.243009569
-1.484102821,0.481459236,0.287306432,-1.494752379,-0.519599414,-1.085399833,-1.948610044,0.462780364,0.79316293,0.110139161
0.486760739,1.332073201,-0.670257342,0.481987178,-0.116222924,0.414140853,-1.378164017,-1.251793948,0.652921518,-0.993097363
-0.752029516,1.225506749,-1.058838483,0.079349099,0.927158505,-1.069255184,0.370252833,-2.695712628,-1.233848441,0.258990768
0.942922373,-1.777658395,-0.050378862,-1.212995719,-0.896616272,1.712791349,0.728937365,0.173671063,-0.403850499,2.109013025
0.309509279,0.23028708,0.073817371,0.876919708,-0.367512578,1.394251283,3.327999465,0.097530411,1.114642845,-1.209094143
-0.046166453,-0.181719972,-0.878665631,0.494432055,-0.33527262,0.7876133,0.41029061,0.076990853,0.27832157,-2.976729659
1.113793998,-0.041322995,0.490410824,0.220147577,0.014265712,-0.155338,0.676560653,0.616431054,0.483338171,0.329571563
-0.145506755,-0.791816612,1.973437387,-0.642040844,0.212055143,-0.627310698,-1.33036484,0.185609929,-0.507297747,1.843600585
1.341400363,-0.324728802,-0.597108858,0.328504907,-0.939565069,0.50242323,1.744019074,0.525489039,0.743228611,1.506382247
0.122848777,0.968802178,1.142422431,0.812995883,-0.088124527,-1.322725589,-0.966173988,-0.083759699,-1.196036252,-1.736185327
0.292007383,-0.059339394,-0.373595173,1.447372126,1.470335243,0.086759379,-0.19541499,1.066903062,-1.425311746,-0.210393579
-0.226441052,-0.041954535,-1.027761759,-0.551745544,0.155180712,0.011644167,0.653383772,-0.40554274,-1.097623261,1.378349306
-0.086964432,-0.706475589,-2.047111295,0.9919063,0.663749426,1.402025923,2.310729717,-0.474007454,0.777486768,-0.462939759
-1.109556309,-0.65967476,-1.854216508,0.479980959,-0.469021839,-0.33955649,-1.655554582,-0.115305234,0.365917473,-0.650318979
-0.579369717,-0.641482093,-0.757234548,-0.520590601,-0.075625545,0.402103992,0.519643455,0.615498543,-0.447672007,1.47876431
0.531505661,-0.676605692,0.193760666,0.325920561,-0.13925278,-0.093593937,-0.564190815,1.236371963,0.430915511,-0.26936809
-1.155950002,1.143246201,0.093426923,-1.001602045,1.39321245,-0.586446432,0.555062899,0.407772895,-0.424690039,-1.264184488
-1.553514857,-0.366160585,1.506419813,-0.460817757,1.014413611,0.317974289,2.281782829,-1.919761784,-0.828773288,2.521526545
0.292791354,-1.653678754,-0.503609305,-0.254879642,1.328376868,1.15478429,0.562530367,-0.321085846,1.872800296,1.733354543
-0.853832651,-0.425902939,1.185554198,2.073976622,0.666766744,0.848202325,0.535552956,-0.227284009,1.526340689,0.597658856
0.938778414,-0.152406769,-1.219584946,0.019381107,1.167607733,-0.058984078,-0.572002544,1.000239749,1.834689119,-0.230739881
0.4354796,0.076820166,-2.056432041,0.981323521,-0.002291291,-1.469949843,0.677421749,-1.915034713,-0.617606979,-0.518803965
1.504463906,0.395911712,2.748050089,0.42550342,-0.309222133,-0.203915082,0.174077616,-1.355453574,0.242227027,1.054955446
0.985395,0.151723689,-0.985992911,-0.176044009,-1.000847919,-0.761184627,-1.103947982,-0.697827938,-0.494252051,-0.877511579
-0.900367124,1.008579793,-0.347973784,-0.027782527,1.675830357,-1.293556635,1.479298649,-0.115900324,1.27535802,0.753899588
-0.699974518,1.499515688,0.758948387,0.448417505,-0.894463569,-0.734173783,-0.01633188,2.609243212,1.152522282,2.761700764
0.646975944,-0.134430581,-1.836846062,-0.041375964,-0.623688866,-1.599698488,-0.92819918,0.431623441,0.037742236,-0.909540586
0.312022516,-0.824392263,1.818208999,-0.705059165,0.848902278,1.488343226,-1.285270516,0.516486912,-0.249276072,0.102800273
-0.793762709,-1.920121357,0.853177901,-1.263115478,-0.358798409,0.721343641,0.941901487,0.293566904,1.281862208,0.812221357
0.896501725,0.286849021,-0.837988635,-0.306115542,-0.996158538,-1.657827312,-0.454167247,0.400536582,0.044121239,-1.971237086
1.48334019,-0.650004655,-0.383535483,-1.04130482,-0.185415145,-0.597927482,1.161428135,0.495748305,1.176669847,0.09090049
0.02942468,0.586056829,-1.452708912,0.17791199,-0.749932524,0.095630665,-0.167454562,-0.457387973,-0.167663639,0.801891349
2.591169652,-0.280842304,2.48695182,-0.361945453,0.790737666,0.131160848,-0.763754767,0.105430668,-0.914712279,-1.607215583
-0.052818595,0.075458705,-1.216853762,-0.622452672,0.303043865,0.885384256,0.98469446,2.61043926,1.090005656,-2.090900064
-0.542357765,-0.358198436,1.328916553,0.222934997,1.072420444,-0.795346266,1.682086642,-0.026712038,1.065797695,-1.357316877
0.096900367,0.733416818,1.129804135,-0.523428066,-2.232915109,-1.732519499,0.799171197,0.983363597,0.954823174,0.523245267
0.425038636,0.611692946,-0.686180585,-2.642438893,0.293219022,1.831910798,0.148843478,-0.537355778,-1.197905471,-0.477190158
0.342671479,-1.760196259,0.222740573,-1.183463998,-0.501117055,-2.567083088,1.473950125,0.206464647,-0.869109358,-0.710724628
-0.328270391,-0.893557441,-1.122216278,-0.496962821,0.334639233,0.491659361,-0.48721223,-1.415256103,-1.655174428,-0.01611241
-1.091573838,0.983277394,0.849328247,0.627428618,0.505005052,1.29637806,-0.584670319,1.335305169,-0.329153311,0.475498183
0.395067682,0.148350301,1.404269227,-0.402418581,-0.001568718,0.267447883,0.893955669,0.953207668,-1.673460506,0.463495139
-1.090087075,-0.122408079,-0.232326823,0.294727947,-0.587412699,0.64836462,0.426320962,1.605427168,0.36597321,-0.690216868
0.86446071,0.899415299,0.433618303,0.500117399,-1.419782846,1.923681662,0.27698253,-0.428305123,-0.667829579,-1.104967576
-0.027617807,-1.513234799,0.516300731,-0.183816083,-0.128348751,-0.351580149,0.713794411,2.069617877,-0.998054079,-1.151236039
0.874758615,-0.406103715,0.113551861,0.802407466,0.25106264,0.799919407,1.092010358,0.051941705,-0.978941915,-0.27260072
-0.417607338,0.24714996,-0.439754422,0.500140391,0.559025565,-1.073665106,-0.059577231,0.689822433,-0.543996174,2.104825531
-0.19636314,-0.068175917,-1.568799709,0.636718218,-1.009039917,-0.288180263,0.142726028,0.182090639,0.556552767,-0.840744717
-0.791728651,-0.361287245,-0.673558537,0.912334587,-0.710685648,0.159065667,-0.463453837,0.041274583,-1.81002089,-0.825391463
1.078066665,-0.42055835,-2.224200974,0.387390659,1.04514005,-0.285129547,0.343942033,0.342849423,1.632916593,2.91073891
-1.189571776,-0.074792664,-0.222072399,0.303525849,-1.450929915,0.4404966,0.680101524,1.116366165,-1.169377897,0.493573217
0.646189745,-0.102807851,0.601810732,-0.019647388,0.287442891,0.330752899,-0.905643879,0.164143437,2.085135923,-1.797852671
1.218788948,-0.843728033,1.613657091,1.157137563,-1.366535201,0.110978113,0.23731597,0.95435151,-0.30363678,-1.666350688
-0.45959697,0.256800485,1.581113474,1.73409572,-0.284054692,0.585700978,0.499136092,1.158970519,-0.96895862,0.747828613
1.852466147,-0.988922064,0.422210398,2.571928075,1.886107118,-2.599634222,-1.856135855,0.322860219,0.637396977,-0.416325463
1.161283555,-0.326424957,-0.358871796,0.276306844,1.301602744,0.960484498,0.971084645,-1.097144009,-1.166333707,0.633781291
1.049332478,0.713927276,1.215376067,-0.429604321,-1.536800202,-0.868295005,0.310986171,0.82166992,-0.110681689,-0.779025193
-0.599204884,-0.407791558,-1.573160861,1.364215092,0.869715237,0.668480839,0.717708411,0.983172735,0.267231114,-0.29546852
-1.215647773,-0.028013729,-0.529882713,-1.278115974,0.907850096,-1.402389983,-0.301479912,-0.184881754,-0.682863016,-0.478309596
0.307975955,-1.417056644,0.597159703,0.349392728,1.281807744,0.016844394,0.230224018,0.868537139,0.814278666,1.180072369
-1.273407975,0.935213357,1.339568181,-1.346604458,0.562284608,1.841532503,-0.539945741,1.061585709,1.935295866,0.929092601
-0.85667982,-3.013574329,0.298760055,0.804980329,-1.52980296,-0.774796799,-1.053588249,-0.484523696,-0.58592712,-0.737979338
1.732517333,-1.008267113,1.054591758,-0.565429144,0.465393946,-0.887561437,-0.425402914,0.175508466,0.002416273,1.139609092
-1.420931626,0.391496339,-0.053465072,0.794173721,1.587477538,0.304835869,1.242977932,1.328648286,0.822899036,-0.78081377
-1.702550125,-0.086486794,-1.45573762,0.897332107,-0.350132333,-0.505057482,0.910640221,-0.876549696,0.328905476,-0.678791717
-0.725360319,-0.369302453,0.752683845,-0.739235813,-1.770647129,0.027991777,-0.250097051,-0.268151719,0.748893868,0.451144267
-0.328808999,0.8866922,0.143623984,0.897417622,0.495441229,-0.830023853,-0.981438643,0.056214706,-0.863443295,-1.215441359
-0.103750913,-0.073371915,0.879390832,-2.576140829,-0.089095533,-1.065188823,0.906309479,-1.192512069,1.098026826,2.396645131
1.177563192,0.291754993,-0.95602595,-0.271514433,-1.286633435,-0.357800517,-0.29230302,-0.022562356,-1.034346817,0.085212521
-2.843921583,-0.048627313,1.769697045,-1.622774818,-0.00961543,0.516373234,0.705237499,-0.249103609,0.29226861,-0.587191247
1.867298221,-2.820365179,0.252453625,-1.833979729,-0.429680643,-1.991489779,-1.871314859,0.3629191,0.588787764,-0.352270488
0.270689122,-0.222650444,-0.32473975,0.589708158,-2.469662389,0.9142928,-0.70035195,-0.270186786,1.194326428,-0.866802933
-0.290399231,-2.849855499,0.255309195,1.587630895,-0.53182301,1.108050094,-0.104095548,0.045310626,-0.385547377,0.00962764
-0.452106744,-0.074707051,0.107170008,-0.111820359,0.990490001,-1.231232182,0.829428029,0.677410194,-1.087645043,-0.477855998
0.395823319,0.703735099,-0.20792054,0.710361634,0.32629268,0.376511895,-0.025641409,0.12910432,-0.150391946,-0.119729946
0.195090921,0.125941032,0.07303439,-0.94058946,0.623182794,0.220467331,0.706731833,1.259630729,0.154560088,-2.298925172
0.25982587,-0.632800921,1.360254168,-0.831308392,1.273195576,-0.793525417,-1.722148281,-2.283927103,1.274839113,0.166954698
-0.008757979,-1.207649775,-0.088927055,1.396444241,0.573496687,1.685594671,-0.935207004,-1.60817394,0.752488976,-0.221131329
-1.147217149,-3.43928542,-1.420495124,0.99048014,1.445048897,-0.352172155,0.11906468,0.405219969,-0.118773384,-1.202732304
0.464782038,1.448921636,1.710253618,-0.38696207,0.168575103,-0.224534587,-1.266634556,-0.559521133,-0.916519357,0.300136491
-0.155649618,0.685865268,0.726828665,1.04391406,-0.061687685,1.276914736,-0.387376731,-0.204950911,1.660555544,0.569790572
-0.305838448,-1.889646432,0.117073939,1.041902771,-0.319259671,1.331357605,0.261239641,-0.224296126,-0.583889305,1.951607053
0.349475753,-0.22381655,0.03849585,-0.24303552,-1.933100792,-0.619894746,-0.244289579,-0.91633751,-0.81691857,-0.377103809
-0.723199177,1.812715221,-0.316119701,0.230568417,-0.941323214,0.667806341,1.431656217,0.818559512,1.260272852,0.140263692
1.25118518,0.81177108,-0.592666552,0.878369559,0.395160548,1.595138039,-1.042069023,-1.591691579,-0.461353646,-1.003587818
0.07811123,-0.142230664,-1.261449059,0.835979998,-1.479387933,-0.583779268,-0.962520023,1.061537532,0.392901744,0.972151691
1.082162736,-1.106827741,1.050083008,-1.145479091,-0.975373024,2.346046937,-0.803313005,-1.675059042,0.788475115,0.399386411
0.520106156,-0.323190209,0.364167209,0.772260895,-0.822800921,-1.416657883,0.665777119,0.387044798,1.221337846,-0.388149343
1.610563233,0.670418586,0.164540981,0.640107923,0.403587191,-0.665664502,1.128773864,0.611300478,-0.957922327,1.549371709
0.142231127,-0.385519558,-0.867143811,-0.748140945,-0.545767889,-0.488866654,1.318213894,0.122892468,-0.069216135,1.043134358
0.96775167,-2.886097382,1.255701754,1.180694258,-0.033888251,-0.041533575,-0.004242765,1.196965295,0.460722184,1.569061254
-1.019397546,1.216495251,0.597686907,0.223570404,0.191286274,-0.903469282,0.514195333,0.37377704,1.579986251,1.126280552
-0.050338054,-1.497754125,-0.37998647,-1.159058602,-0.138220615,0.06924325,0.268917774,-0.590614477,0.467368992,-0.950096489
-1.888703736,0.442742437,0.202140686,-0.79692831,0.859769983,-0.069635706,-0.376615169,2.269844741,-1.703716562,0.52281698
0.013991112,0.644714948,0.1726152,-0.186827384,-1.227633148,0.213528747,0.760068887,-1.245908539,-0.98808842,1.24966678
-0.855115155,0.284155859,-0.208251262,-0.480558038,-1.756477732,0.746235236,-0.399957036,0.376656376,0.892901728,0.525626558
-0.167760171,-1.097600455,-0.805181625,-0.400757748,0.63745232,0.523863894,-0.001230789,0.661710384,-2.309809141,1.156125543
0.027682442,0.942803885,-0.520194043,0.035418903,0.196461455,0.12734439,0.135167967,0.008239873,-0.676656119,-0.676079673
-1.795989783,1.140560972,-0.149030135,-0.648090486,2.190996715,-0.998236868,0.17922374,0.323770997,-0.410711767,-1.282730371
0.786833888,-0.482133043,-0.254927648,0.461986771,-1.331215858,1.455081179,-0.142479646,0.821046649,-0.466329573,0.112424978
-0.565418275,-0.500675352,1.013634298,-0.452064222,-0.896934791,-0.710273347,-0.081341668,0.845277067,-0.159818255,0.818154527
-1.287598031,1.280253473,0.034263001,1.346745821,-1.388039907,-0.049214081,-1.604544718,0.41567534,-1.24444335,-0.886361037
-1.861384727,-0.591512175,-1.683737532,2.227966776,-1.289693816,0.864152943,-0.898158464,-0.097959798,-1.377818917,1.377991002
-0.62599433,-0.767581865,-0.940737671,-1.165344502,2.281917872,1.300019487,-2.332761788,-0.285800871,-1.04894302,-0.646020765
0.171532073,-0.649772118,-0.727744696,0.914182069,0.1963835,1.332916152,0.125379107,0.659168361,-1.667116053,1.881862843
0.313719402,-0.606301228,0.105326123,2.379141466,-0.477650135,-0.568324079,-0.739813805,-0.094557486,-0.280644553,0.895278818
-0.728718648,0.629836634,0.04642092,-2.039576197,-0.254375026,-0.86840694,0.8087463,-0.557762456,-0.051454471,-1.859531338
-0.112998181,1.508478436,-0.483989224,1.639264865,-0.186707491,-1.277422619,-0.527016343,0.771095257,0.798078941,-1.037668788
-2.537130128,-1.616303312,0.940071695,1.303960739,-0.505735327,-0.8671606,0.133152806,-0.976599115,0.969915778,-0.162972153
1.018684342,-0.341624339,-0.726832241,1.765175431,-0.810282591,1.085094223,1.112090216,0.249837892,1.202354589,-0.814464497
-1.70132213,0.814443032,-0.609338658,-1.063658305,-0.682538278,0.125530763,0.442962518,-0.584968629,0.107792421,0.862807942
0.131545711,0.640089681,2.030776317,0.980064781,-0.668999036,-0.886948461,-0.223453467,1.078632851,-0.312110795,-0.547747342
0.086445906,1.188547748,0.999562903,-0.531774082,-0.18659479,1.23182521,-1.681594595,-0.995631546,-0.621827908,-0.04953701
-0.234871294,-1.60893033,0.636982887,0.673486583,-0.150968849,-0.734802023,-0.473064399,0.900933947,-0.793855405,0.39940505
0.459095533,-0.810224219,0.782383624,0.757472744,0.278689257,-0.559774873,-0.5788763,-0.770676784,-0.175769443,-1.017707966
-0.387668176,-1.071106563,0.59927265,-0.040260213,-0.183065909,-0.121564395,0.173622724,1.953829863,-0.451290587,-1.381412055
-0.384788923,-1.734811086,-0.854387433,0.119305422,0.622271706,-0.03965673,0.13670645,0.422185601,-1.349442782,0.805140877
-0.636439983,-0.791409997,0.552743431,-1.012999698,0.390885402,-0.576276793,0.241980964,-0.750902209,0.560693465,0.846888889
1.497180109,0.745997934,1.104415991,-0.70880901,0.012239949,-0.059407358,1.193108322,-1.739498704,0.848185488,-0.717478045
0.265770128,-0.835615579,0.961738993,0.025817037,-0.266854994,-0.337971657,0.346691619,0.350184376,0.771690746,-0.185220262
-0.421434459,-0.5765235,-0.936430842,1.532912115,-0.000175757,1.23519995,0.373770778,0.395923825,-0.301440239,-0.792394288
-0.315473074,-0.415613414,0.347459301,-0.612046021,-0.333916349,-0.947992689,-0.059058968,0.476886567,-0.093903618,-1.303918296
1.1466915,0.321356031,0.286920736,-1.646611564,-0.389221057,-0.069162308,1.3862226,-0.586227824,0.346991211,-0.701667819
-0.416233982,0.010711535,-1.305484377,0.568115557,-0.579866594,-0.636717009,-0.460646305,-0.711535589,-1.059972232,0.488407507
-0.300118821,1.219865461,-0.442799148,-0.943979751,-1.153242022,-1.649721763,-0.223950158,-0.44692488,-1.048331932,1.251810036
0.053796363,0.608129638,-0.871513447,0.570100689,0.903658756,0.846643771,-0.945732582,-1.36403248,0.410867399,0.039939892
0.877845474,0.188216405,-0.779819063,0.301355957,-0.015922335,0.038077529,-1.699833957,0.141465831,0.512640786,-0.42982147
0.008075919,-1.092180761,0.791836713,-0.882841375,-0.827846279,-0.216539606,1.092223355,0.095358821,0.977208973,-2.134041245
0.448275477,-0.567590852,-0.219879682,0.897473373,-0.46631768,0.498969864,0.0707428,0.349855622,-0.280675991,-0.874812105
-0.615348758,-0.08713146,1.125738645,-0.333008602,-0.465408668,1.051770162,1.234621279,1.659320027,-1.366509794,-1.517455521
2.591596056,1.450673901,0.492184815,1.599638618,0.878804832,0.462202522,0.753213898,0.606825104,-0.785357193,-0.284002024
-1.432345182,0.180396883,0.935642575,-0.529426364,0.667086691,-1.159406812,2.259859216,0.947605938,-0.901570799,-0.834109249
1.10078019,0.470984812,1.577748251,-0.628476273,-0.896737213,1.731246496,0.316952678,0.040816628,-0.070359427,0.466497984
0.509898065,0.954666626,1.66555174,-0.705006879,-1.653058275,0.285362783,2.124146635,-0.151036666,0.545192268,0.623523571
-0.569019129,0.203055074,-0.063615876,0.271488079,1.752740512,-1.836334969,-2.029013186,-0.65593687,-0.424992142,-1.161967968
0.123615532,0.326260649,-2.66595372,0.133868538,1.139163095,1.384024623,-0.008923033,-0.301352742,-1.844861542,-0.435679173
-0.632629752,-0.431127918,-1.89590522,0.130275378,-1.723874359,1.071069866,-0.377148401,1.422967741,0.325267471,0.363572776
-1.118642862,-0.157122931,1.301628892,1.726905507,0.389629778,-0.160395947,-2.379496357,0.046769426,-0.660774781,-0.357085995
0.819411722,0.346925251,-1.688564393,0.232313039,0.019684081,0.151345522,-0.522387586,-1.071300828,0.080010058,0.81396892
-0.047428873,0.147466168,-1.178515412,0.954518401,1.072894521,-0.759919983,0.527281516,-0.334666216,-0.668849393,-0.352438258
-0.675971673,-0.469380975,1.136450714,0.051991983,-0.307123307,-0.669077029,0.775536623,0.392146106,0.751495886,0.006185288
0.321528199,-0.947119104,0.576578238,-0.37328347,-0.866999158,0.441952883,-1.54439963,-0.236162203,-0.427919264,-0.990412141
-1.130299791,0.362616143,-1.830125722,0.153506052,0.662253449,-1.936814677,0.841275556,-1.113820873,0.387252397,0.194299826
-2.481297424,0.249046795,0.032457827,2.804537854,-0.768478377,-1.131899488,0.537768803,-1.058594364,1.995654234,1.288852405
0.155864288,-0.758998204,-0.05510555,0.999256706,0.025530302,-1.034721781,0.055784869,0.052348365,0.994265897,1.133058813
-0.989654821,-1.015660915,-1.111360774,-0.790299964,0.811676644,-0.232427312,-0.762421541,-1.139649862,0.043170922,0.448509204
-0.184373132,1.001238165,-0.273395146,1.239080094,0.519390066,-0.32992425,0.360641634,0.742790756,-0.93837737,-0.659448523
-0.349230333,0.883598804,-0.846007782,-0.736229503,1.189633129,0.37272442,-1.120624738,0.291103749,-0.71436231,-1.514541457
-1.762545716,0.451439338,-1.021246197,-0.691010306,0.603921052,-0.270262179,-0.594571585,1.152479047,0.603841416,-0.30484481
0.796835625,2.396223398,-0.084014496,1.787587762,-1.345167525,0.281536191,1.396263968,0.122032699,-1.40965783,1.094845179
1.064068056,-0.153380381,-1.05289638,0.085963515,-1.221014937,0.322413354,-0.604208009,-1.235124146,1.002802655,-0.322769475
0.335343143,1.807281607,0.71050187,0.811335658,0.390728684,0.573077824,-1.427569627,0.143242798,-0.721648585,1.375973036
1.162907105,0.61526811,1.044563965,1.517109306,0.500474006,1.176914053,0.796094234,-1.528509778,-0.57216801,2.188239802
-0.3495118,-0.181725899,1.740379855,-0.424777553,0.124219058,2.551638625,-0.99633472,0.572527632,-0.476779256,-0.345234575
-0.265585753,-0.286461504,0.094682306,0.660588597,-1.646801121,1.833651136,-0.68023854,-0.640348228,0.247044874,0.422914777
-1.725505359,-0.130301907,0.328746458,0.388128593,-0.65199126,-0.496664657,-2.345930059,0.694594988,-0.808771616,-0.867953571
-1.201944716,-1.848910866,0.939970042,-0.269732639,-2.078690714,-0.917253458,-0.470258019,-0.505495388,-0.66600157,-0.966668946
-0.247455585,1.445338769,0.104085534,1.154225099,-1.347934953,-1.11176571,0.19855232,-0.606602505,-0.1965196,3.282704682
1.08076316,1.607764119,-0.951937985,1.329973498,-1.755453856,0.315143393,-1.071044149,0.658871808,-1.258912345,0.880031967
0.230025406,-1.535757885,0.505222439,0.958327415,1.780499629,-0.302346061,-0.072653346,-0.509454632,-0.141156522,-1.167653879
0.284729384,-0.731801697,-0.66501239,1.140047238,-0.101167835,-0.015139906,-0.099371102,0.00090235,-1.195912165,-0.193034957
1.41866847,2.141566723,-0.969839032,0.105696587,-1.3733237,-1.383341915,1.061595417,-0.05139346,-0.549435993,-1.437088055
0.85963974,-0.782762904,1.080887244,-1.46300355,-1.132551694,-0.835752438,0.214113222,-1.21544417,-1.056666381,1.617586791
-1.168889323,-0.252216334,-0.918398933,0.593075075,-0.801952048,0.414037609,-0.579167389,1.849755302,0.764500882,-1.672365185
-1.684978314,0.577608868,-1.579651508,-0.252862029,0.096983389,-0.048318814,-1.575917163,-1.010732755,1.252176715,1.3101791
-0.007689746,-1.504652789,-0.671077132,0.707095032,0.710750416,-0.305480322,-0.591753753,0.255955442,0.233796596,0.433903509
-0.765345048,0.170548889,-0.024456019,-0.797504129,-0.67866327,-0.482451169,-0.488737806,-1.027626296,0.427710345,-0.411040997
0.441988125,-0.636199838,0.213834647,0.838989392,-0.53697564,0.099935102,-0.628580714,-0.248331797,1.254408139,-0.91838417
-1.119694711,0.992458945,-1.544443019,0.304677099,-0.147764538,0.445725578,-0.539069528,-0.036992329,0.372809645,0.646902217
-1.069664722,0.367772126,-0.235990127,-1.006388342,-0.077092974,0.601942957,0.024846514,-1.068989102,0.741026793,1.235203148
0.520219924,1.034330379,-0.999185937,-0.393628955,-1.62172574,-0.33277405,0.21810091,1.076131239,1.029552739,0.837418488
-1.132635208,0.754034485,-0.394376902,-0.280494135,0.875072544,1.278475985,0.085848639,1.409819725,0.999617028,-0.477903086
-1.254104392,-0.501474274,-0.172353913,-2.362166912,0.339259627,0.015337533,0.09792246,-0.474319983,-1.134304224,0.099886495
-0.3831212,0.601874641,-0.612544055,-2.822437056,-0.0442918,1.35001406,0.355056411,0.760381825,-1.229241221,0.516142065
0.646607787,-0.668710427,-1.708702393,-0.457134878,-1.390252901,-0.817866453,-0.112553947,1.034664353,-2.814664258,0.355039768
-1.073622977,1.250792426,-0.756645679,-0.407937486,0.524261947,0.307482956,-1.593524614,0.605296345,-0.232478114,-0.863884758
-3.363322094,-0.295359098,-1.462453762,-1.502141467,-0.875963141,2.245859402,-0.931500474,-0.574005746,-0.85029752,0.359315068
-0.071501441,-0.831711964,0.895044203,-0.344238664,0.698995878,1.309334328,-0.476607479,-0.710519915,-0.054295623,-0.727226445
0.787703071,-0.212070365,1.520997845,-2.01396715,1.327529355,0.469461277,0.571556775,-1.528723319,0.618648515,-1.232065433
-1.222095478,0.409406287,-1.49483574,0.171577176,-0.580054995,3.409271938,-0.699820253,0.029559498,-0.655501669,0.415559396
1.203331066,1.241228927,2.450623384,-1.784447449,0.937328211,-0.070896817,0.513894242,0.056526836,-0.503486021,0.046820141
-0.213078174,-0.301621689,0.800912247,-1.169822326,0.02550147,-0.524377558,0.150483706,0.718817688,0.303494201,0.853233502
-0.280669248,-0.497229666,-0.173923316,1.048024696,-0.597616037,0.484907863,-0.386485678,1.641266473,-0.291574009,-0.273239243
-0.703710563,-1.081398474,1.377717524,0.921564927,0.155433042,-0.528880486,-0.351368103,0.474597006,0.089370171,-0.7644071
1.950155718,0.331134853,0.358019353,-0.066636787,0.264227651,0.783499912,0.187577775,0.958912609,0.003835757,1.066631123
-0.887357369,0.838692183,1.655849524,-1.416712263,-0.264575148,-0.472516519,-1.181423047,2.328485794,-1.969265983,-0.302227187
0.895061574,1.480796033,-0.247172046,1.656181735,1.478368082,-1.110310918,0.544519575,-0.112324712,-0.570176725,0.73831687
0.078798219,1.585075478,1.547196369,-1.991135638,-1.513227925,-0.211809876,0.36545491,0.754778765,0.455194318,-1.078988891
-0.359518329,-0.139927192,-0.635620308,-0.207173326,-0.865903468,-0.404264534,1.291346165,0.486109515,1.481984744,-0.449891973
-1.797680506,0.465837398,-0.105747145,0.552415837,0.68038246,-0.760738443,0.43576509,0.607147882,0.609260362,-2.623591514
0.322284967,-0.549775685,-1.743837211,0.928874024,-0.304303755,-0.715916646,0.009268923,0.585381375,-1.031221153,0.913204879
1.993819037,0.279767335,0.011163026,-0.886287591,-0.775310626,-0.378597269,0.482585013,0.122533954,0.435573772,0.561044403
-0.677586486,-0.468304056,0.501863716,1.151172378,-0.320949103,0.067295659,-0.428164814,1.489729424,1.429858799,0.388322331
0.337348965,0.498619575,1.302087599,-0.593519021,-0.056241678,-0.738736431,1.019434652,1.305796617,-0.975235466,-0.158660205
-0.75509908,-0.167251041,1.302044607,-0.162603867,1.164529967,3.500270722,-0.97952312,-0.735152561,-1.114174071,0.248320587
-0.023569907,-0.734194444,-1.120303641,-0.893238382,-0.809867086,0.640400016,-0.202949685,-0.982477004,1.51250403,0.494531715
-0.578758029,1.019221451,-1.146614445,-0.136113347,2.580859508,-1.444354352,0.305727743,-1.164012911,-0.968423629,2.13552249
-0.051583957,-0.131480021,2.62439248,1.34557694,0.426418208,-0.421498147,0.452291024,2.391539919,0.027915005,-0.021785362
-1.541286017,-0.125805951,-1.944767849,1.21090949,-0.655246926,0.088712132,-0.176330057,-0.332920126,2.226995225,0.384530032
1.407894216,0.856057423,-0.721360588,-0.760481764,-0.196840968,-0.558569125,1.541735187,1.118109362,1.337186272,-0.953337374
0.005565215,1.724574759,0.790343092,-0.594308047,0.890004941,1.965899346,-0.655602621,-1.360973773,-0.695408979,1.837340457
0.550802059,-1.174027488,0.84026043,-0.76326008,0.943287993,-1.111362626,-0.16935996,-1.198826701,0.682083173,-0.551856954
-1.105630921,0.23134725,-0.137774606,2.092146054,-0.592568712,1.658258362,-0.162921385,-1.306809813,1.739031644,1.299319705
0.70950055,-1.459626266,-1.13968409,0.726430318,-0.177154258,0.955495199,0.764695979,-1.712595959,0.409844728,-0.513161655
-0.024839565,0.047025373,1.464595403,-0.257175028,0.953350327,-1.437404244,-0.144602887,-0.316754821,0.621291593,-1.661443402
-0.250361612,0.80687731,-0.406314332,-0.915510206,-1.637261027,0.208667985,-0.868315718,-0.624464142,1.902764692,-0.512257856
0.027319007,0.347978638,0.26634268,-1.895020853,1.123964784,0.318394876,1.373852196,0.335004188,0.244517318,-1.131873641
1.176721432,-0.02837057,-1.350220296,-0.013525819,-0.656068898,-0.746712689,0.574113887,1.694780046,0.421708661,2.049453232
1.420216366,1.130937811,-1.311277817,0.342422399,-0.090788952,0.227525711,0.977816052,-2.206332928,0.653604119,0.382606156
1.445629979,-0.800860147,1.341738172,-0.596365606,-0.539452353,-0.52601182,-0.355928142,-1.570643373,-0.898880914,-0.378848622
0.106189634,1.332337735,1.277903385,0.177596753,0.271373681,-0.839979576,-0.003177876,-2.009608939,1.210316192,-0.314629803
-0.011632936,-0.453218465,-1.03038398,0.006026843,0.292606003,0.525411561,-0.604570408,0.105653899,1.57088149,0.609076931
-0.890562482,0.650659929,0.16881509,-2.327333526,-0.012074032,-1.137972761,-0.209031658,-0.413084644,-0.437005455,-0.092826638
-2.042711822,0.038588786,-0.140492693,1.21151291,-0.430317783,-0.218240949,0.427301665,-1.02612435,-0.085051887,-1.558897868
0.552081717,-0.47676773,-0.040978175,0.279347342,-0.12265064,-1.258101892,1.209019731,0.71136163,0.463944547,0.059278698
-1.284920225,0.135249306,-1.513559872,-0.049416911,0.834198752,1.271091252,0.207386379,0.627236239,1.41018666,0.732366449
1.077574244,-0.739396151,1.92332967,2.086067397,0.13333519,1.957566864,-0.291317624,-0.093263168,-0.110809864,1.03911806
-0.618049532,0.279195546,0.595941781,1.952358945,0.322940392,-0.685348822,1.406222967,-1.296899891,0.351533198,-0.431566359
0.101881483,-0.001364651,-1.569727352,0.028786657,-1.500252104,-1.483896488,-0.131241472,-0.435323949,0.588312634,-0.683379203
-0.469736839,-0.237842809,0.042779099,0.265424676,0.915917174,-0.048127614,0.392921261,0.364684283,-1.01801508,0.283206121
1.183418958,0.456568746,0.06602353,1.527664941,1.577316817,0.621537194,0.275940988,-0.374207771,0.548023006,0.161004344
-0.203489286,0.01340116,-0.901899467,-2.525854837,0.042802857,1.271406468,1.350081162,-0.131142553,-0.862361446,-0.346763263
0.470676443,0.348454523,-0.234330301,0.764619873,0.978217909,-0.307993108,0.660399763,1.38181897,0.702268496,-1.897482049
-0.893708625,0.999646531,1.877609512,1.349721696,-0.650396043,1.883069685,-0.316637094,1.078006383,-0.682053286,-1.413304628
-0.148563756,0.797966599,-0.369797202,1.339092189,-0.461811698,1.024613903,-0.406194351,1.588519875,-0.285821864,0.487858542
1.747717516,-1.491067676,-1.439989584,-2.743871737,2.197590666,-0.107830684,-0.994693709,0.109494048,-0.021994156,-2.219865201
1.170000243,1.643269412,1.703081597,0.526993838,0.391849843,0.110972127,-1.522810362,-0.271980601,-0.657285251,-0.460666725
-0.310422937,0.525558351,0.5172852,2.380832667,-0.811069965,-0.138615927,0.039580789,-0.200129568,-0.184503726,0.102242857
-0.893625581,0.206896919,-2.052729361,0.562098237,-0.120670623,-0.256030647,0.04241385,-0.069859233,0.255127746,1.695083885
2.243375196,-0.528152924,1.06157898,-1.4048539,0.475825755,1.643340547,-1.810247319,-0.89223666,-1.209257507,1.415439279
-0.411712449,1.342800292,1.315432602,0.158710509,0.551885197,-1.242225366,-0.060603892,0.84843147,-0.542019814,1.206972347
-0.427460737,3.20402967,0.367295929,1.215258893,-0.142484131,-0.271483187,-0.891746706,-0.699715034,2.05456785,-0.159899847
-0.191307153,0.112393152,-0.171646771,-1.993467229,0.776853392,0.588573422,-0.538611999,-0.509918466,1.563304352,0.739647936
0.145400313,-1.405350088,-0.134452597,0.503713102,1.595530399,0.935418549,0.410956646,-2.535954842,-1.753549027,1.278424698
0.495114305,-0.71731877,-0.406906163,1.237145399,1.01657977,-0.211562698,-0.020219045,0.792000526,-0.891847485,1.111861508
0.623957622,-0.881609075,-0.894909113,-1.312268376,-1.267199357,0.534426753,0.689050613,-0.663479966,1.845304191,1.252251134
0.995688302,-1.226604126,0.264248716,0.926187203,2.711875018,0.280397084,-0.157675711,0.117138752,1.262449156,-0.363407882
-0.583116006,-1.071989935,-0.945739422,-1.346247418,-0.511473502,-1.378913929,1.008938945,0.540938848,-0.403823075,-0.429066527
-0.632272988,-2.433795944,1.539252359,-0.216378599,-0.533871905,-0.150882382,1.475322172,0.36615284,-1.218149034,0.502758357
0.920759446,0.107626275,0.599573682,-0.674853113,-0.826669432,0.420059077,0.547755549,0.379939919,-1.423208745,1.803125796
1.255405229,0.229161024,1.542044915,-0.493928816,0.384557422,1.928495419,-0.198053455,0.142441701,-3.226223597,-1.191872705
-0.130936664,0.837548811,1.59359712,0.432767416,-2.743048526,-1.688225917,0.342737547,1.033589967,-0.001302997,-1.24166311
0.846897689,-0.316664002,0.774335681,0.700347316,-0.75782465,-1.05654184,-0.575626707,0.76292136,-0.140015084,-1.077461634
0.132997919,-0.873267508,0.111682164,0.357501409,-0.355407447,-0.285251376,-0.892863045,-1.004188733,0.052484009,0.460968329
-0.268825222,0.207066205,0.093424333,-1.265052248,0.562187972,0.095686619,0.617865987,-0.481764604,0.089987168,-0.70626569
-0.599530094,-1.429846193,-0.341630175,0.777104374,0.798830945,0.70059922,0.583566703,-1.282726334,-0.282939978,0.688251991
0.456422707,1.206292411,-0.83923926,-0.350344554,0.252912539,0.686749065,-0.286952441,-0.821213617,1.014993322,0.402988872
-0.31388463,-0.83573943,0.432211747,-1.435096336,0.848447304,-0.287137183,1.059050448,0.968601991,-2.091306571,0.866171237
0.797336871,0.337324693,-0.406109727,-0.327455644,1.30161614,-1.507937955,-0.682993622,-0.400539087,0.514998092,-1.88943009
0.378826763,0.020969551,-0.859466342,0.36279299,1.262253493,-1.6522602,1.08068868,0.304824122,0.852578569,-1.426172873
0.556151029,0.456056269,0.925394431,1.365595206,-0.138980562,-0.513214153,-0.034811648,-1.145494408,-0.483820482,-0.091084971
2.317111009,1.246854852,-1.393177873,0.052899241,0.838210612,1.533681524,-0.237396816,1.034635809,0.161586128,0.125802634
0.973245488,2.342144827,1.052174572,0.171731325,1.834406143,-0.893558407,-0.983833868,1.001469442,0.042033005,-0.113949887
-0.24482196,1.645862145,-0.13640558,-1.273191517,-0.356834666,1.032846526,-0.41144909,0.237327886,-0.246429556,1.526719337
-0.845431842,-2.022504596,0.722382977,1.304359284,-1.683139121,0.894625992,-0.680198163,-0.069833167,0.566842904,-0.211480522
1.351677101,-0.376485646,-0.515697624,0.721884438,-0.264898445,0.161928544,0.378947417,-0.673401873,-1.792832215,-0.886129131
-0.613122944,0.793047764,-1.235689735,-1.130383986,-0.920352137,-1.772691089,0.707294561,-0.959268426,0.760462715,-0.396881949
0.350466228,0.470248366,0.025055153,0.713001003,-0.626568925,-0.202635922,0.596621979,-0.425781183,-0.742797285,-0.365758045
-1.934737666,-1.079878771,-0.294134855,-0.651248196,0.621743956,-1.580278896,0.191108802,-1.048992026,1.258296139,0.172744193
-1.286949346,1.472725821,-2.211273031,-0.788636103,-1.056866124,-0.116201242,0.889003762,1.858504576,3.262806421,-0.553571934
-0.576915869,-0.366137004,0.405107805,0.438801095,0.763475635,0.161491233,-0.009173859,-0.11983903,1.414987389,-0.125025643
-0.670056303,1.024763698,-1.455630226,-0.152840361,-0.349601055,-0.227811462,-1.291344826,-0.338780756,-1.626218466,-0.016328929
-0.840073207,0.923865303,-2.506810483,1.005952095,-0.644193124,0.547731522,-1.924730148,0.292553328,-1.67392093,-0.512287919
0.699892789,-0.618048493,0.037524422,1.918781853,-0.904270747,1.936517633,-0.008395698,0.970040087,-1.391175995,0.403952266
-0.997656609,-0.374984728,0.362475415,-1.663780827,0.318915991,1.025733537,-0.830538254,0.254776039,-0.399455718,-0.165527151
0.136430334,0.069412376,0.652094627,-0.428031456,-0.562928128,-1.974834267,-1.521780157,1.251642538,1.04895739,1.766253955
-0.357568285,-0.794791604,0.977147174,-0.940349393,1.198911973,-0.129592438,1.803014862,0.612049191,-0.65551218,0.421955929
-0.782868031,-0.758458757,-0.948729444,1.82274677,1.211657576,-1.439836893,-0.192513635,0.36398915,0.484124068,-0.903539515
-0.268319807,2.152735627,-0.051606195,0.185402743,0.624099631,-0.160402161,0.686463231,-0.289650886,1.536808238,-0.960257407
1.088689773,-0.384629446,0.514460419,0.061846305,0.038416101,-0.980279799,-0.270096007,-0.055600859,-0.803500016,0.493159624
-0.126048105,-1.186870083,-0.246836025,0.611782204,-1.803802059,0.971862023,-0.268252773,0.817950255,0.143504797,0.791411775
0.285686912,-1.241532188,-0.638913294,-1.942674164,-1.177530778,0.015907746,-0.149330716,1.463694436,-0.48716691,3.101757704
-0.412619387,0.435980676,0.61539306,0.049811087,0.022776546,-0.781350397,-0.482672956,-0.533486244,0.015380529,0.713785909
-0.317726589,-0.269397549,-0.664784815,0.228673468,0.848168246,0.463927064,0.808461575,-0.240544721,2.420967663,0.060558729
-1.050859756,-0.856640148,-0.013758651,-0.177076947,-0.69757695,0.502276945,0.209757202,-0.663763066,0.617056163,0.532359942
-0.127473967,-0.394157595,-0.647860325,1.544889909,0.180100251,-1.125173979,0.893611374,0.355043463,0.82684873,0.295877001
0.475394075,-0.325065101,-1.101197766,1.189791853,0.909207866,-1.793096164,0.729025719,1.181345532,-0.868337042,0.344528964
-1.812527927,-0.776031028,0.094459107,0.510306329,1.188725034,-1.423723938,0.510821728,0.95664775,0.961073026,-0.22065206
1.415265094,3.422881414,0.842124631,1.698704126,-1.992399673,-1.789358767,-0.452863114,-0.315580666,1.082008273,-1.049301349
0.323486759,-2.739524047,0.895855793,-1.520012612,0.448843968,0.849392251,1.438374402,-0.461620772,0.084125809,-0.591979446
-1.211464845,0.952356221,0.230814858,0.980331859,-1.501638567,-1.926529766,-0.406638164,0.226093475,1.505283846,1.265437092
0.523891207,-0.008449221,-0.893727778,0.355628227,-0.907241834,0.017303866,0.197548473,-0.695106567,1.278165379,1.733078684
-0.708485401,0.568189549,0.798554669,1.217985406,0.481954756,-0.908818621,2.165034687,-1.268140571,-0.108933483,0.881464395
-1.859434239,0.550580812,-0.173790899,0.970047987,0.974446568,-0.121013761,0.675493742,-0.031339449,0.297748822,-0.142980329
-1.380140191,0.104248311,0.275745156,0.940523617,-0.868641585,1.031141235,-2.231208726,0.469819275,-0.028216192,1.227551806
-1.444837305,0.219658815,-1.131277449,-0.705245418,1.099343544,0.768173171,-1.783105304,0.830188634,-1.194956442,-2.154122795
1.415894546,-0.536862527,-1.847217338,1.711548042,-2.282802277,-0.874471169,1.492898363,1.10051233,0.020136008,1.583999704
-1.305226748,0.916790756,-0.417224,0.330199883,0.546621687,-0.226482923,2.404056975,0.691330177,-0.049193298,-0.289317337
1.100841668,-0.917739597,0.322674999,-0.248148483,0.178965107,0.077423563,-1.222657012,-1.021503618,0.536184129,-0.850581344
1.232186198,-1.207400524,0.279736083,-1.440654194,-0.256723974,-1.2505852,0.183824352,-0.248212588,-1.681394615,1.269718882
-0.028439021,-0.11402837,1.409590784,-0.262490899,1.745000355,-0.581369464,-0.912093687,-0.291755661,2.665036876,-0.017831455
-1.839529252,0.647738459,0.241941422,0.182585059,-1.95850338,1.268258313,-0.244181986,-0.136363775,2.956569732,-0.500102661
0.179503347,-0.319015589,2.112099254,-0.727399865,-0.786615528,-1.191521237,-1.256679154,1.490639009,0.235489543,0.189856029
0.367593391,-0.99085835,0.287766311,-1.563143945,-2.28059849,-0.189751216,-0.722212986,0.173736288,-1.845121246,0.672326251
-0.975281126,1.124962154,-0.527789105,-0.562247992,-0.845355921,-0.664292563,1.850699188,0.957499537,-1.268480101,-1.203983591
1.581018597,-2.273684355,-0.174695525,1.652200054,1.472009736,-1.736033424,0.036811967,0.148284441,-1.062293912,1.081711229
0.645326616,1.434444821,-2.476137781,0.080113415,-0.054648225,1.091794511,0.41368682,-2.270228481,0.747186886,0.075502646
0.754043107,-1.075137045,-1.895864909,1.021348777,-0.551394013,0.481645507,-0.050443162,-1.426664291,-1.103229259,-1.850755919
-0.377159064,0.309898479,-0.661470482,-0.795521849,0.156839967,-0.370210028,0.705714972,0.086275653,0.980868997,-0.710740534
-0.14484572,-1.339066058,-0.562812932,0.80307569,-0.593440532,0.437797138,-1.423233709,0.414047082,1.349264479,-0.209888651
-0.00932617,-0.716014171,-1.201935056,0.075623903,-0.85576075,1.072239865,0.262527886,1.160461643,-0.85485255,0.103319245
-1.362465808,1.053422618,-0.361888727,0.190033427,-0.911106818,0.000907858,2.220801286,-0.086069421,1.15308794,0.378773022
-0.562724379,-0.151718525,-0.097368056,1.885335433,-0.071746313,-0.886829277,0.296101158,-0.265358088,-0.419082378,0.645080429
1.323439589,-0.488051411,0.460231988,-0.122844106,1.021607354,0.33487207,0.390125041,-0.758248886,-0.219390472,0.046768458
-0.11139267,-1.395158795,-2.268590721,-0.487551199,-1.275245653,0.128401306,3.153702067,0.500786944,-0.097011838,-1.029300366
-1.000615899,0.198404667,-0.613128821,-0.777621923,-0.687661298,-0.228582962,0.772178835,0.701427291,1.361554603,-1.288217242
0.508162259,-0.983347294,-0.190238371,-0.72609778,0.22339963,-1.467995625,1.517595795,-0.401214037,-1.163002189,0.196387839
-0.157670167,0.93056815,-0.033268327,0.386085229,-0.838412722,-0.633333647,1.010846237,1.10545748,-0.258646156,0.653922467
1.006775488,1.479298823,1.909473677,-0.57656353,-0.798280805,-0.939782824,-0.763182269,0.828809502,-0.383471893,0.114987175
-0.665888766,-0.00819785,1.812712376,-1.296091925,0.854441791,-1.197497548,0.629147058,0.466449943,0.167047845,-0.118192757
-0.249353742,0.334413436,-0.559880717,-0.868142836,-0.761319875,0.284356748,-0.258417873,-0.249729469,-0.065015642,0.521418214
-0.455078581,-0.256129736,0.755886512,-0.369718825,1.76408621,0.410536149,-0.322018528,-1.632614015,-0.428091278,0.837389561
0.301971076,-0.796932241,1.171501248,-0.283263737,-1.0772057,0.19469061,0.148325298,0.616562022,-1.343741384,-1.781465274
-0.964532622,-0.809840401,0.132128827,0.557169033,-0.842454739,-0.68676133,-0.085159153,-1.079065932,-0.755583466,0.248192799
0.277876422,-0.776474154,0.739739861,2.126354946,0.074868415,-0.558985441,-0.564867251,-0.85466689,-1.849681743,2.588089221
0.101384592,0.212967798,1.962733158,-0.948780242,-0.365670949,-0.536324735,-1.149682066,0.461771815,1.267230109,-1.201107689
-0.274702608,0.03409687,0.312341688,-2.590013034,2.528441144,1.240437568,0.939533352,-0.439107534,-1.234277845,0.378782988
1.269322317,-0.388311687,0.315187225,0.010640205,0.081369328,0.240978862,0.79643154,1.331062262,-0.917063759,-2.047382894
-0.818911185,0.451316277,-0.448993231,0.705454179,-1.161365679,-0.47497844,1.687838151,-0.163832564,0.990247073,1.169283613
-0.389824426,-1.130005095,1.280262694,2.322781612,0.773161966,0.111514477,0.506363391,0.36791682,0.842695101,1.794912483
1.123190509,-1.655113021,-0.704901705,1.366548507,-1.967747365,-0.367501035,1.024130784,1.098625843,1.629233049,1.062816568
0.252007191,-0.406375459,0.325232792,0.219273986,1.907578287,-0.744384262,-0.25066519,2.935162739,0.360563659,0.422892886
1.337306582,0.046801062,-0.141788008,-1.12309006,-0.587433198,0.810425866,1.253155783,-0.032965759,0.938518682,0.479264794
-0.310402432,0.648108274,1.167266817,-1.636838451,-1.083112381,0.564335317,-2.002339479,0.656081238,-0.115325711,-0.351657041
3.196559696,-0.735225208,-0.8745511,0.669894543,-0.020017435,-0.288162624,0.259009783,1.692956019,-0.320904239,2.2131167
0.692919318,0.421722791,-0.092636399,0.042784653,-0.909126728,-1.039888449,-1.9204802,-1.285601564,0.129827105,-1.432352124
0.5448688,-1.498097331,1.001374925,0.667708091,-0.849457997,-0.121352373,-0.602060412,-0.516093146,0.07807125,-2.421133531
0.508904314,0.29525145,-0.996757573,0.647706443,-0.992136805,2.152286069,0.846270275,0.13235189,1.552441254,0.130601762
-0.66696746,1.850380162,-0.719335475,0.298941377,0.097179424,1.178264037,-0.469079328,-0.808543601,-0.29431626,2.887992855
1.001944518,0.087147434,0.02345948,-0.376302029,-1.327124281,-1.005296053,-1.927494186,-1.035416372,1.192374183,-0.044468611
0.467028961,0.219970413,-0.402292898,0.800430022,0.989162466,-0.225047457,0.504219105,-0.371683866,0.013939529,0.128608672
0.650149178,-1.299027797,0.054871053,-0.109935233,0.612178317,-1.656325614,0.163653338,-0.883995898,-0.904264987,-0.756983142
0.422018958,-1.424018375,0.834449975,-0.625897699,0.228832444,0.28669068,0.762979586,-1.22058458,-1.180315153,1.56788485
0.145400313,-1.405350088,-0.134452597,0.503713102,1.595530399,0.935418549,0.410956646,-2.535954842,-1.753549027,1.278424698
0.495114305,-0.71731877,-0.406906163,1.237145399,1.01657977,-0.211562698,-0.020219045,0.792000526,-0.891847485,1.111861508
0.623957622,-0.881609075,-0.894909113,-1.312268376,-1.267199357,0.534426753,0.689050613,-0.663479966,1.845304191,1.252251134
0.995688302,-1.226604126,0.264248716,0.926187203,2.711875018,0.280397084,-0.157675711,0.117138752,1.262449156,-0.363407882
-0.583116006,-1.071989935,-0.945739422,-1.346247418,-0.511473502,-1.378913929,1.008938945,0.540938848,-0.403823075,-0.429066527
-0.632272988,-2.433795944,1.539252359,-0.216378599,-0.533871905,-0.150882382,1.475322172,0.36615284,-1.218149034,0.502758357
0.920759446,0.107626275,0.599573682,-0.674853113,-0.826669432,0.420059077,0.547755549,0.379939919,-1.423208745,1.803125796
1.255405229,0.229161024,1.542044915,-0.493928816,0.384557422,1.928495419,-0.198053455,0.142441701,-3.226223597,-1.191872705
-0.130936664,0.837548811,1.59359712,0.432767416,-2.743048526,-1.688225917,0.342737547,1.033589967,-0.001302997,-1.24166311
0.846897689,-0.316664002,0.774335681,0.700347316,-0.75782465,-1.05654184,-0.575626707,0.76292136,-0.140015084,-1.077461634
0.132997919,-0.873267508,0.111682164,0.357501409,-0.355407447,-0.285251376,-0.892863045,-1.004188733,0.052484009,0.460968329
-0.268825222,0.207066205,0.093424333,-1.265052248,0.562187972,0.095686619,0.617865987,-0.481764604,0.089987168,-0.70626569
-0.599530094,-1.429846193,-0.341630175,0.777104374,0.798830945,0.70059922,0.583566703,-1.282726334,-0.282939978,0.688251991
0.456422707,1.206292411,-0.83923926,-0.350344554,0.252912539,0.686749065,-0.286952441,-0.821213617,1.014993322,0.402988872
-0.31388463,-0.83573943,0.432211747,-1.435096336,0.848447304,-0.287137183,1.059050448,0.968601991,-2.091306571,0.866171237
0.797336871,0.337324693,-0.406109727,-0.327455644,1.30161614,-1.507937955,-0.682993622,-0.400539087,0.514998092,-1.88943009
0.378826763,0.020969551,-0.859466342,0.36279299,1.262253493,-1.6522602,1.08068868,0.304824122,0.852578569,-1.426172873
0.556151029,0.456056269,0.925394431,1.365595206,-0.138980562,-0.513214153,-0.034811648,-1.145494408,-0.483820482,-0.091084971
2.317111009,1.246854852,-1.393177873,0.052899241,0.838210612,1.533681524,-0.237396816,1.034635809,0.161586128,0.125802634
0.973245488,2.342144827,1.052174572,0.171731325,1.834406143,-0.893558407,-0.983833868,1.001469442,0.042033005,-0.113949887
-0.24482196,1.645862145,-0.13640558,-1.273191517,-0.356834666,1.032846526,-0.41144909,0.237327886,-0.246429556,1.526719337
-0.845431842,-2.022504596,0.722382977,1.304359284,-1.683139121,0.894625992,-0.680198163,-0.069833167,0.566842904,-0.211480522
1.351677101,-0.376485646,-0.515697624,0.721884438,-0.264898445,0.161928544,0.378947417,-0.673401873,-1.792832215,-0.886129131
-0.613122944,0.793047764,-1.235689735,-1.130383986,-0.920352137,-1.772691089,0.707294561,-0.959268426,0.760462715,-0.396881949
0.350466228,0.470248366,0.025055153,0.713001003,-0.626568925,-0.202635922,0.596621979,-0.425781183,-0.742797285,-0.365758045
-1.934737666,-1.079878771,-0.294134855,-0.651248196,0.621743956,-1.580278896,0.191108802,-1.048992026,1.258296139,0.172744193
-1.286949346,1.472725821,-2.211273031,-0.788636103,-1.056866124,-0.116201242,0.889003762,1.858504576,3.262806421,-0.553571934
-0.576915869,-0.366137004,0.405107805,0.438801095,0.763475635,0.161491233,-0.009173859,-0.11983903,1.414987389,-0.125025643
-0.670056303,1.024763698,-1.455630226,-0.152840361,-0.349601055,-0.227811462,-1.291344826,-0.338780756,-1.626218466,-0.016328929
-0.840073207,0.923865303,-2.506810483,1.005952095,-0.644193124,0.547731522,-1.924730148,0.292553328,-1.67392093,-0.512287919
0.699892789,-0.618048493,0.037524422,1.918781853,-0.904270747,1.936517633,-0.008395698,0.970040087,-1.391175995,0.403952266
-0.997656609,-0.374984728,0.362475415,-1.663780827,0.318915991,1.025733537,-0.830538254,0.254776039,-0.399455718,-0.165527151
0.136430334,0.069412376,0.652094627,-0.428031456,-0.562928128,-1.974834267,-1.521780157,1.251642538,1.04895739,1.766253955
-0.357568285,-0.794791604,0.977147174,-0.940349393,1.198911973,-0.129592438,1.803014862,0.612049191,-0.65551218,0.421955929
-0.782868031,-0.758458757,-0.948729444,1.82274677,1.211657576,-1.439836893,-0.192513635,0.36398915,0.484124068,-0.903539515
-0.268319807,2.152735627,-0.051606195,0.185402743,0.624099631,-0.160402161,0.686463231,-0.289650886,1.536808238,-0.960257407
1.088689773,-0.384629446,0.514460419,0.061846305,0.038416101,-0.980279799,-0.270096007,-0.055600859,-0.803500016,0.493159624
-0.126048105,-1.186870083,-0.246836025,0.611782204,-1.803802059,0.971862023,-0.268252773,0.817950255,0.143504797,0.791411775
0.285686912,-1.241532188,-0.638913294,-1.942674164,-1.177530778,0.015907746,-0.149330716,1.463694436,-0.48716691,3.101757704
-0.412619387,0.435980676,0.61539306,0.049811087,0.022776546,-0.781350397,-0.482672956,-0.533486244,0.015380529,0.713785909
-0.317726589,-0.269397549,-0.664784815,0.228673468,0.848168246,0.463927064,0.808461575,-0.240544721,2.420967663,0.060558729
-1.050859756,-0.856640148,-0.013758651,-0.177076947,-0.69757695,0.502276945,0.209757202,-0.663763066,0.617056163,0.532359942
-0.127473967,-0.394157595,-0.647860325,1.544889909,0.180100251,-1.125173979,0.893611374,0.355043463,0.82684873,0.295877001
0.475394075,-0.325065101,-1.101197766,1.189791853,0.909207866,-1.793096164,0.729025719,1.181345532,-0.868337042,0.344528964
-1.812527927,-0.776031028,0.094459107,0.510306329,1.188725034,-1.423723938,0.510821728,0.95664775,0.961073026,-0.22065206
1.415265094,3.422881414,0.842124631,1.698704126,-1.992399673,-1.789358767,-0.452863114,-0.315580666,1.082008273,-1.049301349
0.323486759,-2.739524047,0.895855793,-1.520012612,0.448843968,0.849392251,1.438374402,-0.461620772,0.084125809,-0.591979446
-1.211464845,0.952356221,0.230814858,0.980331859,-1.501638567,-1.926529766,-0.406638164,0.226093475,1.505283846,1.265437092
0.523891207,-0.008449221,-0.893727778,0.355628227,-0.907241834,0.017303866,0.197548473,-0.695106567,1.278165379,1.733078684
-0.708485401,0.568189549,0.798554669,1.217985406,0.481954756,-0.908818621,2.165034687,-1.268140571,-0.108933483,0.881464395
-1.859434239,0.550580812,-0.173790899,0.970047987,0.974446568,-0.121013761,0.675493742,-0.031339449,0.297748822,-0.142980329
-1.380140191,0.104248311,0.275745156,0.940523617,-0.868641585,1.031141235,-2.231208726,0.469819275,-0.028216192,1.227551806
-1.444837305,0.219658815,-1.131277449,-0.705245418,1.099343544,0.768173171,-1.783105304,0.830188634,-1.194956442,-2.154122795
1.415894546,-0.536862527,-1.847217338,1.711548042,-2.282802277,-0.874471169,1.492898363,1.10051233,0.020136008,1.583999704
-1.305226748,0.916790756,-0.417224,0.330199883,0.546621687,-0.226482923,2.404056975,0.691330177,-0.049193298,-0.289317337
1.100841668,-0.917739597,0.322674999,-0.248148483,0.178965107,0.077423563,-1.222657012,-1.021503618,0.536184129,-0.850581344
1.232186198,-1.207400524,0.279736083,-1.440654194,-0.256723974,-1.2505852,0.183824352,-0.248212588,-1.681394615,1.269718882
-0.028439021,-0.11402837,1.409590784,-0.262490899,1.745000355,-0.581369464,-0.912093687,-0.291755661,2.665036876,-0.017831455
-1.839529252,0.647738459,0.241941422,0.182585059,-1.95850338,1.268258313,-0.244181986,-0.136363775,2.956569732,-0.500102661
0.179503347,-0.319015589,2.112099254,-0.727399865,-0.786615528,-1.191521237,-1.256679154,1.490639009,0.235489543,0.189856029
0.367593391,-0.99085835,0.287766311,-1.563143945,-2.28059849,-0.189751216,-0.722212986,0.173736288,-1.845121246,0.672326251
-0.975281126,1.124962154,-0.527789105,-0.562247992,-0.845355921,-0.664292563,1.850699188,0.957499537,-1.268480101,-1.203983591
1.581018597,-2.273684355,-0.174695525,1.652200054,1.472009736,-1.736033424,0.036811967,0.148284441,-1.062293912,1.081711229
0.645326616,1.434444821,-2.476137781,0.080113415,-0.054648225,1.091794511,0.41368682,-2.270228481,0.747186886,0.075502646
0.754043107,-1.075137045,-1.895864909,1.021348777,-0.551394013,0.481645507,-0.050443162,-1.426664291,-1.103229259,-1.850755919
-0.377159064,0.309898479,-0.661470482,-0.795521849,0.156839967,-0.370210028,0.705714972,0.086275653,0.980868997,-0.710740534
-0.14484572,-1.339066058,-0.562812932,0.80307569,-0.593440532,0.437797138,-1.423233709,0.414047082,1.349264479,-0.209888651
-0.00932617,-0.716014171,-1.201935056,0.075623903,-0.85576075,1.072239865,0.262527886,1.160461643,-0.85485255,0.103319245
-1.362465808,1.053422618,-0.361888727,0.190033427,-0.911106818,0.000907858,2.220801286,-0.086069421,1.15308794,0.378773022
-0.562724379,-0.151718525,-0.097368056,1.885335433,-0.071746313,-0.886829277,0.296101158,-0.265358088,-0.419082378,0.645080429
1.323439589,-0.488051411,0.460231988,-0.122844106,1.021607354,0.33487207,0.390125041,-0.758248886,-0.219390472,0.046768458
-0.11139267,-1.395158795,-2.268590721,-0.487551199,-1.275245653,0.128401306,3.153702067,0.500786944,-0.097011838,-1.029300366
-1.000615899,0.198404667,-0.613128821,-0.777621923,-0.687661298,-0.228582962,0.772178835,0.701427291,1.361554603,-1.288217242
0.508162259,-0.983347294,-0.190238371,-0.72609778,0.22339963,-1.467995625,1.517595795,-0.401214037,-1.163002189,0.196387839
-0.157670167,0.93056815,-0.033268327,0.386085229,-0.838412722,-0.633333647,1.010846237,1.10545748,-0.258646156,0.653922467
1.006775488,1.479298823,1.909473677,-0.57656353,-0.798280805,-0.939782824,-0.763182269,0.828809502,-0.383471893,0.114987175
-0.665888766,-0.00819785,1.812712376,-1.296091925,0.854441791,-1.197497548,0.629147058,0.466449943,0.167047845,-0.118192757
-0.249353742,0.334413436,-0.559880717,-0.868142836,-0.761319875,0.284356748,-0.258417873,-0.249729469,-0.065015642,0.521418214
-0.455078581,-0.256129736,0.755886512,-0.369718825,1.76408621,0.410536149,-0.322018528,-1.632614015,-0.428091278,0.837389561
0.301971076,-0.796932241,1.171501248,-0.283263737,-1.0772057,0.19469061,0.148325298,0.616562022,-1.343741384,-1.781465274
-0.964532622,-0.809840401,0.132128827,0.557169033,-0.842454739,-0.68676133,-0.085159153,-1.079065932,-0.755583466,0.248192799
0.277876422,-0.776474154,0.739739861,2.126354946,0.074868415,-0.558985441,-0.564867251,-0.85466689,-1.849681743,2.588089221
0.101384592,0.212967798,1.962733158,-0.948780242,-0.365670949,-0.536324735,-1.149682066,0.461771815,1.267230109,-1.201107689
-0.274702608,0.03409687,0.312341688,-2.590013034,2.528441144,1.240437568,0.939533352,-0.439107534,-1.234277845,0.378782988
1.269322317,-0.388311687,0.315187225,0.010640205,0.081369328,0.240978862,0.79643154,1.331062262,-0.917063759,-2.047382894
-0.818911185,0.451316277,-0.448993231,0.705454179,-1.161365679,-0.47497844,1.687838151,-0.163832564,0.990247073,1.169283613
-0.389824426,-1.130005095,1.280262694,2.322781612,0.773161966,0.111514477,0.506363391,0.36791682,0.842695101,1.794912483
1.123190509,-1.655113021,-0.704901705,1.366548507,-1.967747365,-0.367501035,1.024130784,1.098625843,1.629233049,1.062816568
0.252007191,-0.406375459,0.325232792,0.219273986,1.907578287,-0.744384262,-0.25066519,2.935162739,0.360563659,0.422892886
1.337306582,0.046801062,-0.141788008,-1.12309006,-0.587433198,0.810425866,1.253155783,-0.032965759,0.938518682,0.479264794
-0.310402432,0.648108274,1.167266817,-1.636838451,-1.083112381,0.564335317,-2.002339479,0.656081238,-0.115325711,-0.351657041
3.196559696,-0.735225208,-0.8745511,0.669894543,-0.020017435,-0.288162624,0.259009783,1.692956019,-0.320904239,2.2131167
0.692919318,0.421722791,-0.092636399,0.042784653,-0.909126728,-1.039888449,-1.9204802,-1.285601564,0.129827105,-1.432352124
0.5448688,-1.498097331,1.001374925,0.667708091,-0.849457997,-0.121352373,-0.602060412,-0.516093146,0.07807125,-2.421133531
0.508904314,0.29525145,-0.996757573,0.647706443,-0.992136805,2.152286069,0.846270275,0.13235189,1.552441254,0.130601762
-0.66696746,1.850380162,-0.719335475,0.298941377,0.097179424,1.178264037,-0.469079328,-0.808543601,-0.29431626,2.887992855
1.001944518,0.087147434,0.02345948,-0.376302029,-1.327124281,-1.005296053,-1.927494186,-1.035416372,1.192374183,-0.044468611
0.467028961,0.219970413,-0.402292898,0.800430022,0.989162466,-0.225047457,0.504219105,-0.371683866,0.013939529,0.128608672
0.650149178,-1.299027797,0.054871053,-0.109935233,0.612178317,-1.656325614,0.163653338,-0.883995898,-0.904264987,-0.756983142
0.422018958,-1.424018375,0.834449975,-0.625897699,0.228832444,0.28669068,0.762979586,-1.22058458,-1.180315153,1.56788485
